,median_1,median_2,statistic,p_value,significant
E05_500_vs_E05_1000,0.43333333333333335,0.43333333333333335,4703.0,0.46788465904936394,False
E05_1000_vs_E05_2000,0.43333333333333335,0.43333333333333335,5202.5,0.6209029732118911,False
E05_500_vs_E05_2000,0.43333333333333335,0.43333333333333335,4922.0,0.849584154125595,False
