,final_win_rate,max_win_rate,win_rate_std,degradation,degradation_pct,final_loss,min_loss,loss_std,loss_cv,epochs_to_50pct,games_per_epoch,total_games,coverage_pct
E05_500,0.45833333333333337,0.6333333333333333,0.06561727839865555,0.017333333333333367,3.8461538461538534,0.020848906598985195,0.018975473352168735,0.034636780717261915,125.2772109617591,11.0,500.0,500000.0,0.0009057971014492754
E05_1000,0.43333333333333335,0.6499999999999999,0.065688221489415,0.005916666666666848,1.327599102468253,0.021776736355744876,0.019722844879978742,0.024222398965421606,96.03974937238894,6.0,1000.0,1000000.0,0.0018115942028985507
E05_2000,0.42500000000000004,0.6499999999999999,0.06451658777734424,0.004166666666666818,0.9498480243161437,0.022361386471833937,0.020234653033698216,0.01696464409435699,71.3112965159073,2.0,2000.0,2000000.0,0.0036231884057971015
